Source_Workbook,Source_Sheet,Device,Activity,Filter,Model,MAE_mean,MAE_std,RMSE_mean,RMSE_std,R2_mean,R2_std
Apple_Watch_results.xlsx,apple watch,Apple Watch,Activity,Butterworth,Deep,2.243098831,0.082843864,3.188982964,0.106087692,0.953221965,0.002631557
Apple_Watch_results.xlsx,apple watch,Apple Watch,Activity,Butterworth,Linear,2.25626235,0.070137881,3.159636545,0.13256396,0.954047751,0.003620536
Apple_Watch_results.xlsx,apple watch,Apple Watch,Activity,Butterworth,Polynomial,3.101659632,0.105488556,4.332168961,0.152552383,0.91366812,0.005139468
Apple_Watch_results.xlsx,apple watch,Apple Watch,Activity,Kalman,Deep,1.702531886,0.066384929,2.375415802,0.120178996,0.974003732,0.002592483
Apple_Watch_results.xlsx,apple watch,Apple Watch,Activity,Kalman,Linear,1.798247766,0.072676759,2.466524458,0.1650463,0.971943021,0.003683958
Apple_Watch_results.xlsx,apple watch,Apple Watch,Activity,Kalman,Polynomial,2.843796206,0.116453294,3.861797333,0.160434632,0.931375766,0.005052552
Apple_Watch_results.xlsx,apple watch,Apple Watch,Activity,Raw,Deep,3.934715605,0.1058466,5.780592632,0.074663506,0.846276438,0.006039639
Apple_Watch_results.xlsx,apple watch,Apple Watch,Activity,Raw,Linear,3.803456926,0.025386631,5.713948345,0.05942997,0.849852145,0.003590975
Apple_Watch_results.xlsx,apple watch,Apple Watch,Activity,Raw,Polynomial,4.114796734,0.061865781,5.943334389,0.100580799,0.837570965,0.004266998
Apple_Watch_results.xlsx,apple watch,Apple Watch,Breathe,Butterworth,Deep,4.007321024,0.707409326,5.108703423,0.857583969,0.835023141,0.041036856
Apple_Watch_results.xlsx,apple watch,Apple Watch,Breathe,Butterworth,Linear,3.79759717,0.636955047,4.891745281,0.760978461,0.84896189,0.033646624
Apple_Watch_results.xlsx,apple watch,Apple Watch,Breathe,Butterworth,Polynomial,3.918902636,0.700577073,5.029287291,0.816364128,0.840326536,0.036963055
Apple_Watch_results.xlsx,apple watch,Apple Watch,Breathe,Kalman,Deep,3.507894802,0.816124159,4.494017315,1.013205644,0.869636202,0.052821518
Apple_Watch_results.xlsx,apple watch,Apple Watch,Breathe,Kalman,Linear,3.745374632,0.71718906,4.785561132,0.95818885,0.853668547,0.049253709
Apple_Watch_results.xlsx,apple watch,Apple Watch,Breathe,Kalman,Polynomial,3.725114775,0.698472794,4.746643019,0.968632307,0.855959439,0.049246398
Apple_Watch_results.xlsx,apple watch,Apple Watch,Breathe,Raw,Deep,6.897392178,0.741477984,9.453283691,0.703564712,0.434740162,0.07675755
Apple_Watch_results.xlsx,apple watch,Apple Watch,Breathe,Raw,Linear,6.929818726,0.50915777,9.26722641,0.4755135,0.456341565,0.063751887
Apple_Watch_results.xlsx,apple watch,Apple Watch,Breathe,Raw,Polynomial,6.428600597,0.453114317,9.019432259,0.442375861,0.485448682,0.054519866
Apple_Watch_results.xlsx,apple watch,Apple Watch,Rest,Butterworth,Deep,2.616942835,0.437127129,5.698195839,2.123387481,0.827369463,0.103538155
Apple_Watch_results.xlsx,apple watch,Apple Watch,Rest,Butterworth,Linear,2.399900579,0.288231995,5.530314493,2.255533721,0.83487649,0.109039189
Apple_Watch_results.xlsx,apple watch,Apple Watch,Rest,Butterworth,Polynomial,2.333727741,0.316996804,5.492150974,2.302468259,0.836310554,0.111044635
Apple_Watch_results.xlsx,apple watch,Apple Watch,Rest,Kalman,Deep,1.884778047,0.214292178,4.301229382,1.974995911,0.897951949,0.078022288
Apple_Watch_results.xlsx,apple watch,Apple Watch,Rest,Kalman,Linear,2.14890933,0.237229207,4.574342251,1.941423627,0.886480534,0.080547635
Apple_Watch_results.xlsx,apple watch,Apple Watch,Rest,Kalman,Polynomial,1.996991801,0.28368264,4.346899271,2.071942261,0.894860709,0.083563741
Apple_Watch_results.xlsx,apple watch,Apple Watch,Rest,Raw,Deep,4.964798832,0.326031317,8.383195305,1.704610683,0.64231801,0.103764617
Apple_Watch_results.xlsx,apple watch,Apple Watch,Rest,Raw,Linear,4.955528641,0.328362142,8.472901535,1.659120779,0.635461998,0.09901509
Apple_Watch_results.xlsx,apple watch,Apple Watch,Rest,Raw,Polynomial,4.898480034,0.361649462,8.247304726,1.68489612,0.653699756,0.102535156
Apple_Watch_results.xlsx,apple watch,Apple Watch,Type,Butterworth,Deep,2.056420708,0.431086903,3.555945587,1.582091128,0.920061553,0.065068223
Apple_Watch_results.xlsx,apple watch,Apple Watch,Type,Butterworth,Linear,2.004302168,0.47623851,3.524386239,1.685065195,0.919729292,0.069234141
Apple_Watch_results.xlsx,apple watch,Apple Watch,Type,Butterworth,Polynomial,1.955891991,0.497914102,3.457811999,1.759593246,0.921278524,0.070576241
Apple_Watch_results.xlsx,apple watch,Apple Watch,Type,Kalman,Deep,2.423094416,0.425163457,3.241852236,0.276891777,0.941647553,0.011466474
Apple_Watch_results.xlsx,apple watch,Apple Watch,Type,Kalman,Linear,2.235598207,0.357992798,3.232509708,0.252988615,0.942117548,0.01129519
Apple_Watch_results.xlsx,apple watch,Apple Watch,Type,Kalman,Polynomial,2.224338436,0.362045236,3.072288561,0.235595356,0.947767079,0.010222613
Apple_Watch_results.xlsx,apple watch,Apple Watch,Type,Raw,Deep,3.942470789,0.226013171,5.789272976,0.852267004,0.813137794,0.054776957
Apple_Watch_results.xlsx,apple watch,Apple Watch,Type,Raw,Linear,3.839806366,0.239207391,5.715004158,0.821554325,0.818032229,0.052165816
Apple_Watch_results.xlsx,apple watch,Apple Watch,Type,Raw,Polynomial,3.820454979,0.234325871,5.705057907,0.820887377,0.818673944,0.051905844
Biovotion_Everion_results.xlsx,Biovotion,Biovotion,Activity,Butterworth,Deep,4.363321972,0.23178539,5.959448338,0.223565897,0.824749267,0.011735712
Biovotion_Everion_results.xlsx,Biovotion,Biovotion,Activity,Butterworth,Linear,4.558320808,0.123556033,6.216121864,0.162213847,0.80938623,0.009421335
Biovotion_Everion_results.xlsx,Biovotion,Biovotion,Activity,Butterworth,Polynomial,4.939789486,0.103503028,6.752532291,0.153864169,0.77508651,0.009975104
Biovotion_Everion_results.xlsx,Biovotion,Biovotion,Activity,Kalman,Deep,3.366910887,0.070854253,4.73408947,0.120772791,0.889468813,0.004690119
Biovotion_Everion_results.xlsx,Biovotion,Biovotion,Activity,Kalman,Linear,3.661602306,0.095201221,5.057327557,0.12710506,0.873845387,0.005659217
Biovotion_Everion_results.xlsx,Biovotion,Biovotion,Activity,Kalman,Polynomial,3.897174501,0.084001336,5.46625948,0.117189033,0.85262413,0.00592358
Biovotion_Everion_results.xlsx,Biovotion,Biovotion,Activity,Raw,Deep,7.356372643,0.087889575,9.431263161,0.084622883,0.561391735,0.006701462
Biovotion_Everion_results.xlsx,Biovotion,Biovotion,Activity,Raw,Linear,8.118992043,0.06833296,10.99376526,0.116672287,0.404017818,0.010617581
Biovotion_Everion_results.xlsx,Biovotion,Biovotion,Activity,Raw,Polynomial,9.309732056,0.082349937,12.69044628,0.12121799,0.205877531,0.012201509
Biovotion_Everion_results.xlsx,Biovotion,Biovotion,Breathe,Butterworth,Deep,3.31618576,0.214111598,4.38376317,0.361479035,0.873416424,0.021246607
Biovotion_Everion_results.xlsx,Biovotion,Biovotion,Breathe,Butterworth,Linear,3.336248732,0.1877875,4.392335892,0.371133013,0.872727275,0.023162908
Biovotion_Everion_results.xlsx,Biovotion,Biovotion,Breathe,Butterworth,Polynomial,3.265475512,0.224211025,4.329180002,0.38423207,0.876261199,0.023729398
Biovotion_Everion_results.xlsx,Biovotion,Biovotion,Breathe,Kalman,Deep,2.552417803,0.268902293,3.401246309,0.480899695,0.922926641,0.022336509
Biovotion_Everion_results.xlsx,Biovotion,Biovotion,Breathe,Kalman,Linear,2.755784321,0.244672029,3.663899946,0.391366685,0.9110937,0.02031128
Biovotion_Everion_results.xlsx,Biovotion,Biovotion,Breathe,Kalman,Polynomial,2.662483025,0.258669536,3.490965271,0.392242405,0.919136405,0.019786596
Biovotion_Everion_results.xlsx,Biovotion,Biovotion,Breathe,Raw,Deep,6.632903671,0.108278076,8.183299065,0.200934233,0.561258304,0.015766604
Biovotion_Everion_results.xlsx,Biovotion,Biovotion,Breathe,Raw,Linear,7.055655861,0.141645788,9.073567009,0.288710496,0.460257292,0.033326801
Biovotion_Everion_results.xlsx,Biovotion,Biovotion,Breathe,Raw,Polynomial,6.840258408,0.093859675,8.428377533,0.148095242,0.534617579,0.0111122
Biovotion_Everion_results.xlsx,Biovotion,Biovotion,Rest,Butterworth,Deep,5.095506191,0.209179662,11.90803699,0.742982348,0.474049079,0.028661658
Biovotion_Everion_results.xlsx,Biovotion,Biovotion,Rest,Butterworth,Linear,4.82045536,0.101926341,11.91230736,0.787659941,0.473711848,0.032214681
Biovotion_Everion_results.xlsx,Biovotion,Biovotion,Rest,Butterworth,Polynomial,5.33385973,0.115981053,12.21487122,0.785684292,0.446631289,0.031780026
Biovotion_Everion_results.xlsx,Biovotion,Biovotion,Rest,Kalman,Deep,4.288783741,0.187305709,11.41251678,0.834660272,0.51690774,0.037165322
Biovotion_Everion_results.xlsx,Biovotion,Biovotion,Rest,Kalman,Linear,4.15905571,0.117677911,11.39333401,0.866539772,0.518556118,0.039222546
Biovotion_Everion_results.xlsx,Biovotion,Biovotion,Rest,Kalman,Polynomial,4.741818905,0.161271202,11.71215458,0.877445286,0.491244936,0.040210108
Biovotion_Everion_results.xlsx,Biovotion,Biovotion,Rest,Raw,Deep,8.737314987,0.205953005,14.16427822,0.691414042,0.255575418,0.02093439
Biovotion_Everion_results.xlsx,Biovotion,Biovotion,Rest,Raw,Linear,8.797187424,0.175056882,14.37734318,0.643278648,0.23291682,0.01338265
Biovotion_Everion_results.xlsx,Biovotion,Biovotion,Rest,Raw,Polynomial,8.90472641,0.180939081,14.53032322,0.651679662,0.216509438,0.013859251
Biovotion_Everion_results.xlsx,Biovotion,Biovotion,Type,Butterworth,Deep,4.784324455,0.247963393,6.611474323,0.235933831,0.761498165,0.014511515
Biovotion_Everion_results.xlsx,Biovotion,Biovotion,Type,Butterworth,Linear,4.761028862,0.120985704,6.539437103,0.253961531,0.76662842,0.015760739
Biovotion_Everion_results.xlsx,Biovotion,Biovotion,Type,Butterworth,Polynomial,5.055489445,0.16887611,6.801791573,0.210040915,0.747604764,0.013234826
Biovotion_Everion_results.xlsx,Biovotion,Biovotion,Type,Kalman,Deep,3.581435871,0.176764838,4.927177811,0.278103263,0.867369771,0.013609867
Biovotion_Everion_results.xlsx,Biovotion,Biovotion,Type,Kalman,Linear,3.895417738,0.187667234,5.16996851,0.264410694,0.854022861,0.013886787
Biovotion_Everion_results.xlsx,Biovotion,Biovotion,Type,Kalman,Polynomial,4.034379387,0.250203207,5.338785553,0.261775114,0.844338667,0.014416762
Biovotion_Everion_results.xlsx,Biovotion,Biovotion,Type,Raw,Deep,8.72155056,0.320477568,11.24889946,0.209087106,0.30970608,0.026045869
Biovotion_Everion_results.xlsx,Biovotion,Biovotion,Type,Raw,Linear,8.93341713,0.146931494,11.33761101,0.186325752,0.298959029,0.016987661
Biovotion_Everion_results.xlsx,Biovotion,Biovotion,Type,Raw,Polynomial,8.741232681,0.153960053,11.34285278,0.187771506,0.298329639,0.016160093
Empatica_E4_results.xlsx,final_results_by_filter2,Empatica,Activity,Butterworth,Deep,10.0897924423217,0.140595163596712,12.7966073989868,0.0875400811912575,0.221035528182983,0.0144029980014862
Empatica_E4_results.xlsx,final_results_by_filter2,Empatica,Activity,Butterworth,Linear,10.192944908142,0.0673615307993871,12.950089263916,0.0812087346984592,0.20230164527893,0.00888943731555016
Empatica_E4_results.xlsx,final_results_by_filter2,Empatica,Activity,Butterworth,Polynomial,10.3341398239135,0.0754598620316188,13.1940418243408,0.0891490890938764,0.171981191635131,0.00771414672306614
Empatica_E4_results.xlsx,final_results_by_filter2,Empatica,Activity,Kalman,Deep,9.59761562347412,0.131881311300057,12.2119472503662,0.116285868366068,0.290617942810058,0.0128106581503688
Empatica_E4_results.xlsx,final_results_by_filter2,Empatica,Activity,Kalman,Linear,9.69041213989257,0.0797243903714924,12.4282962799072,0.104796793339357,0.265259957313537,0.0124445772676282
Empatica_E4_results.xlsx,final_results_by_filter2,Empatica,Activity,Kalman,Polynomial,9.86312446594238,0.0861925089189687,12.6809047698974,0.104192005649911,0.235109639167785,0.0111350094121235
Empatica_E4_results.xlsx,final_results_by_filter2,Empatica,Activity,Raw,Deep,10.6694295883178,0.0562695790275842,13.8593368530273,0.128878247281449,0.086316168308258,0.0164421330852487
Empatica_E4_results.xlsx,final_results_by_filter2,Empatica,Activity,Raw,Linear,11.078762435913,0.0567573381747705,14.1285055160522,0.0476331584338573,0.0505401492118835,0.00388024291061648
Empatica_E4_results.xlsx,final_results_by_filter2,Empatica,Activity,Raw,Polynomial,11.1477846145629,0.057587317978968,14.2502521514892,0.0552181036950548,0.0341128349304199,0.00264103943352621
Empatica_E4_results.xlsx,final_results_by_filter2,Empatica,Breathe,Butterworth,Deep,5.08756370544433,0.360297888937668,6.58127708435058,0.453180652469716,0.72317988872528,0.0339755204593252
Empatica_E4_results.xlsx,final_results_by_filter2,Empatica,Breathe,Butterworth,Linear,5.14307985305786,0.324904473655821,6.59615001678466,0.348509399818538,0.722259855270385,0.0241366082662222
Empatica_E4_results.xlsx,final_results_by_filter2,Empatica,Breathe,Butterworth,Polynomial,5.04894542694091,0.33843242832047,6.56185884475708,0.326417004293222,0.725240194797515,0.0209628404753771
Empatica_E4_results.xlsx,final_results_by_filter2,Empatica,Breathe,Kalman,Deep,4.30394697189331,0.387160893494541,5.45979490280151,0.373818859532141,0.809318804740905,0.0247530923935385
Empatica_E4_results.xlsx,final_results_by_filter2,Empatica,Breathe,Kalman,Linear,4.3184058189392,0.278569961847355,5.5098593711853,0.310657936489323,0.805989837646484,0.020363060971614
Empatica_E4_results.xlsx,final_results_by_filter2,Empatica,Breathe,Kalman,Polynomial,4.12903518676757,0.249469130514674,5.34474735260009,0.293489999491536,0.817469215393066,0.0183557244592906
Empatica_E4_results.xlsx,final_results_by_filter2,Empatica,Breathe,Raw,Deep,7.03305740356445,0.143630659145245,9.17318477630615,0.105888831866089,0.462695741653442,0.0275669224504492
Empatica_E4_results.xlsx,final_results_by_filter2,Empatica,Breathe,Raw,Linear,8.70399627685546,0.213758689777954,11.0725519180297,0.291258089858917,0.218099057674407,0.0210960904617311
Empatica_E4_results.xlsx,final_results_by_filter2,Empatica,Breathe,Raw,Polynomial,7.33591766357421,0.115840438788148,9.54974174499511,0.174375421134542,0.418270397186279,0.0126298642960505
Empatica_E4_results.xlsx,final_results_by_filter2,Empatica,Rest,Butterworth,Deep,7.16143684387207,0.175054592114303,12.3251417160034,0.355216785582271,0.416588068008422,0.0193228676839872
Empatica_E4_results.xlsx,final_results_by_filter2,Empatica,Rest,Butterworth,Linear,7.03453826904296,0.167931988415981,12.2447784423828,0.354295515876568,0.424215352535247,0.0175190110440692
Empatica_E4_results.xlsx,final_results_by_filter2,Empatica,Rest,Butterworth,Polynomial,7.04717683792114,0.16761345389551,12.2849063873291,0.342705936783032,0.420425748825073,0.0168877248743038
Empatica_E4_results.xlsx,final_results_by_filter2,Empatica,Rest,Kalman,Deep,6.1627402305603,0.127502739721138,11.4746929168701,0.402316984918483,0.494370281696319,0.0206204113240102
Empatica_E4_results.xlsx,final_results_by_filter2,Empatica,Rest,Kalman,Linear,6.09702434539795,0.119929923331992,11.4603052139282,0.420700425726302,0.495639050006866,0.021946645125868
Empatica_E4_results.xlsx,final_results_by_filter2,Empatica,Rest,Kalman,Polynomial,6.09582939147949,0.105427935580826,11.4920280456542,0.418697214890091,0.492844212055206,0.0217937664392886
Empatica_E4_results.xlsx,final_results_by_filter2,Empatica,Rest,Raw,Deep,9.37209510803222,0.152185065815261,14.511315536499,0.330482425863097,0.191210484504699,0.0207144156467753
Empatica_E4_results.xlsx,final_results_by_filter2,Empatica,Rest,Raw,Linear,10.4967866897583,0.0886706430284011,15.3582292556762,0.278320488995048,0.0941347479820251,0.00598792543857897
Empatica_E4_results.xlsx,final_results_by_filter2,Empatica,Rest,Raw,Polynomial,10.9978635787963,0.0766267551194957,15.7583154678344,0.26185086273545,0.0462966561317443,0.00336244863587329
Empatica_E4_results.xlsx,final_results_by_filter2,Empatica,Type,Butterworth,Deep,7.41806383132934,0.518956289234106,9.91326065063476,0.302443494852986,0.466088092327117,0.0197622102901325
Empatica_E4_results.xlsx,final_results_by_filter2,Empatica,Type,Butterworth,Linear,7.47221498489379,0.371271533725823,9.97168712615966,0.352822994990875,0.459544444084167,0.030017086299927
Empatica_E4_results.xlsx,final_results_by_filter2,Empatica,Type,Butterworth,Polynomial,7.38714704513549,0.325410742336371,9.87314910888671,0.327560692441289,0.470168364048004,0.0281059868177841
Empatica_E4_results.xlsx,final_results_by_filter2,Empatica,Type,Kalman,Deep,7.56480312347412,0.635160020544845,9.74135856628418,0.386057983551673,0.483598315715789,0.0427142372235245
Empatica_E4_results.xlsx,final_results_by_filter2,Empatica,Type,Kalman,Linear,7.05614948272705,0.418654844177112,9.48351745605468,0.394252690867998,0.510964345932006,0.03444094510246
Empatica_E4_results.xlsx,final_results_by_filter2,Empatica,Type,Kalman,Polynomial,7.00440711975097,0.367425277193243,9.37736053466796,0.353423694593105,0.521942567825317,0.029895550317222
Empatica_E4_results.xlsx,final_results_by_filter2,Empatica,Type,Raw,Deep,8.59638385772705,0.351762081243813,11.5458761215209,0.300073883489492,0.275448656082153,0.0315329589420545
Empatica_E4_results.xlsx,final_results_by_filter2,Empatica,Type,Raw,Linear,10.0762489318847,0.229593248625705,12.7008388519287,0.236594325248955,0.123646879196166,0.00752883060551806
Empatica_E4_results.xlsx,final_results_by_filter2,Empatica,Type,Raw,Polynomial,10.524638557434,0.229988167439344,13.0507982254028,0.238521045864956,0.0746958374977111,0.0044437909450016
Fitbit_results.xlsx,final_results_by_filter2,Fitbit,Activity,Butterworth,Deep,8.1876615524292,0.309644222768469,10.8396736145019,0.338974431740808,0.467326939105987,0.0305564885827891
Fitbit_results.xlsx,final_results_by_filter2,Fitbit,Activity,Butterworth,Linear,8.29618072509765,0.169440666797368,10.7533866882324,0.13976508266846,0.475971293449401,0.0146082109284604
Fitbit_results.xlsx,final_results_by_filter2,Fitbit,Activity,Butterworth,Polynomial,8.3133861541748,0.167269651793619,11.0031349182128,0.14571211802474,0.45140163898468,0.012784804490339
Fitbit_results.xlsx,final_results_by_filter2,Fitbit,Activity,Kalman,Deep,7.47468814849853,0.371043869258067,9.79760341644287,0.430180128322246,0.564638483524322,0.0344515575581306
Fitbit_results.xlsx,final_results_by_filter2,Fitbit,Activity,Kalman,Linear,7.46937379837036,0.195302711867456,9.81595401763916,0.192686268877346,0.563256168365478,0.018315134989052
Fitbit_results.xlsx,final_results_by_filter2,Fitbit,Activity,Kalman,Polynomial,7.67365312576293,0.193512076576276,10.326519203186,0.179420083872823,0.516775572299957,0.0145268457280078
Fitbit_results.xlsx,final_results_by_filter2,Fitbit,Activity,Raw,Deep,9.45792160034179,0.469299936398797,12.1194501876831,0.468773920565985,0.33415743112564,0.0437518313747932
Fitbit_results.xlsx,final_results_by_filter2,Fitbit,Activity,Raw,Linear,10.0489072799682,0.123342126529401,12.4595520019531,0.114250184286416,0.296588456630706,0.0113572274646837
Fitbit_results.xlsx,final_results_by_filter2,Fitbit,Activity,Raw,Polynomial,9.93535709381103,0.117451782961447,12.6222980499267,0.121366671280698,0.278122401237487,0.00948697262926186
Fitbit_results.xlsx,final_results_by_filter2,Fitbit,Breathe,Butterworth,Deep,2.2902113199234,0.667768246298244,3.11265614032745,1.39459974687981,0.927007138729095,0.0609852001743966
Fitbit_results.xlsx,final_results_by_filter2,Fitbit,Breathe,Butterworth,Linear,2.30856935977935,0.654783781151152,3.13233466148376,1.47305734792522,0.924754893779754,0.0666992636746144
Fitbit_results.xlsx,final_results_by_filter2,Fitbit,Breathe,Butterworth,Polynomial,2.31392467021942,0.664454768332342,3.14038469791412,1.40498255669754,0.92558205127716,0.0622254048027679
Fitbit_results.xlsx,final_results_by_filter2,Fitbit,Breathe,Kalman,Deep,2.64689078330993,0.409556042396949,3.26976695060729,0.398869894354804,0.925323700904846,0.0161943341384148
Fitbit_results.xlsx,final_results_by_filter2,Fitbit,Breathe,Kalman,Linear,2.58039960861206,0.34970324376127,3.22528395652771,0.371043849001988,0.927170896530151,0.0157332941208988
Fitbit_results.xlsx,final_results_by_filter2,Fitbit,Breathe,Kalman,Polynomial,2.55064010620117,0.34952306088263,3.1847927570343,0.352398303247308,0.929079973697662,0.0145825523708577
Fitbit_results.xlsx,final_results_by_filter2,Fitbit,Breathe,Raw,Deep,5.54325017929077,0.495069077868336,7.08875799179077,0.662589560030408,0.650359177589416,0.0515242448269252
Fitbit_results.xlsx,final_results_by_filter2,Fitbit,Breathe,Raw,Linear,5.53301677703857,0.477614148761274,7.09258546829223,0.65024144731665,0.650015819072723,0.0505180352106693
Fitbit_results.xlsx,final_results_by_filter2,Fitbit,Breathe,Raw,Polynomial,5.50185680389404,0.461730971316987,7.04082641601562,0.628260725008291,0.654392564296722,0.0557882262364173
Fitbit_results.xlsx,final_results_by_filter2,Fitbit,Rest,Butterworth,Deep,3.98595180511474,0.575398703706949,7.346311378479,1.21009791444748,0.756779301166534,0.0723630317808521
Fitbit_results.xlsx,final_results_by_filter2,Fitbit,Rest,Butterworth,Linear,3.9078845500946,0.495453447462809,7.28724584579467,1.19701006010198,0.760780668258667,0.0706083844286745
Fitbit_results.xlsx,final_results_by_filter2,Fitbit,Rest,Butterworth,Polynomial,3.91565732955932,0.478673068133553,7.29571456909179,1.18952612150314,0.760467958450317,0.0692957492106245
Fitbit_results.xlsx,final_results_by_filter2,Fitbit,Rest,Kalman,Deep,3.67284693717956,0.50194611336889,6.16106185913085,1.32782385625979,0.826999354362487,0.0672741698311679
Fitbit_results.xlsx,final_results_by_filter2,Fitbit,Rest,Kalman,Linear,3.55329370498657,0.567334054090533,6.33099737167358,1.4083147858409,0.817765653133392,0.0696395454445018
Fitbit_results.xlsx,final_results_by_filter2,Fitbit,Rest,Kalman,Polynomial,3.59007019996643,0.587980144060124,6.22577810287475,1.35616079352381,0.823266673088073,0.068076456527249
Fitbit_results.xlsx,final_results_by_filter2,Fitbit,Rest,Raw,Deep,6.88968782424926,0.2143255825423,11.0341312408447,0.952967665881448,0.458379650115966,0.0655550324561735
Fitbit_results.xlsx,final_results_by_filter2,Fitbit,Rest,Raw,Linear,7.52393217086792,0.0661145619697358,11.5661706924438,0.734569697710248,0.40496814250946,0.0487897506364338
Fitbit_results.xlsx,final_results_by_filter2,Fitbit,Rest,Raw,Polynomial,7.08697710037231,0.108964104549631,11.3097671508789,0.804397254386106,0.431494331359863,0.0478154759157177
Fitbit_results.xlsx,final_results_by_filter2,Fitbit,Type,Butterworth,Deep,6.37604722976684,1.20291585943344,8.42199935913086,1.83757886473186,0.585653698444366,0.190756344134869
Fitbit_results.xlsx,final_results_by_filter2,Fitbit,Type,Butterworth,Linear,6.64154405593872,1.33198548389092,8.83042840957641,1.96617361075179,0.543741226196289,0.215815515969541
Fitbit_results.xlsx,final_results_by_filter2,Fitbit,Type,Butterworth,Polynomial,6.46441612243652,1.16101311614004,8.27889575958252,1.55874411930984,0.60304901599884,0.156870993480968
Fitbit_results.xlsx,final_results_by_filter2,Fitbit,Type,Kalman,Deep,6.0647213935852,0.526696100702089,8.14381971359253,1.14168909652961,0.619689512252807,0.123758127400973
Fitbit_results.xlsx,final_results_by_filter2,Fitbit,Type,Kalman,Linear,6.02217369079589,0.699368128169643,8.21525077819824,1.10479899016303,0.613108789920806,0.119861446376577
Fitbit_results.xlsx,final_results_by_filter2,Fitbit,Type,Kalman,Polynomial,5.99432849884033,0.575788799750552,7.83509178161621,0.814207905028849,0.649964618682861,0.0873354074950137
Fitbit_results.xlsx,final_results_by_filter2,Fitbit,Type,Raw,Deep,9.14394340515136,0.45010644812833,11.4582906723022,0.503522931954647,0.263127553462982,0.0709868127996892
Fitbit_results.xlsx,final_results_by_filter2,Fitbit,Type,Raw,Linear,9.72637462615966,0.339702106767682,12.0618257522583,0.370257880660517,0.184041154384613,0.0628465226721757
Fitbit_results.xlsx,final_results_by_filter2,Fitbit,Type,Raw,Polynomial,9.26037902832031,0.432063250213165,11.5206119537353,0.523371665249127,0.255052542686462,0.0756859658561399
Garmin_results.xlsx,final_results_by_filter2,Garmin,Activity,Butterworth,Deep,7.02107324600219,0.317037681694066,9.0773229598999,0.313255482797913,0.596196448802948,0.0234153467688846
Garmin_results.xlsx,final_results_by_filter2,Garmin,Activity,Butterworth,Linear,6.7990608215332,0.116498653529878,9.11736297607421,0.169385032101871,0.592762422561645,0.0118410183433877
Garmin_results.xlsx,final_results_by_filter2,Garmin,Activity,Butterworth,Polynomial,7.11114301681518,0.121048880379256,9.6449556350708,0.1392562739389,0.544297301769256,0.00920891052364644
Garmin_results.xlsx,final_results_by_filter2,Garmin,Activity,Kalman,Deep,6.0386507987976,0.201286615696824,7.84188003540039,0.209325546112441,0.698580038547515,0.016228834509629
Garmin_results.xlsx,final_results_by_filter2,Garmin,Activity,Kalman,Linear,6.15481014251709,0.103111733871989,8.18615264892578,0.115694735507909,0.671706938743591,0.00742543903086982
Garmin_results.xlsx,final_results_by_filter2,Garmin,Activity,Kalman,Polynomial,6.62990446090698,0.112315144502616,9.01663055419921,0.106244276110445,0.60173453092575,0.00674283340892848
Garmin_results.xlsx,final_results_by_filter2,Garmin,Activity,Raw,Deep,8.3531566619873,0.118390466308929,11.3522590637207,0.102874914185969,0.368703699111938,0.00581299888920222
Garmin_results.xlsx,final_results_by_filter2,Garmin,Activity,Raw,Linear,9.18632545471191,0.0641397827831993,11.80846118927,0.0960678920595122,0.316907656192779,0.00940554998731664
Garmin_results.xlsx,final_results_by_filter2,Garmin,Activity,Raw,Polynomial,8.58908996582031,0.0677746023339167,11.4658111572265,0.100001649721287,0.355985236167907,0.00844658520190543
Garmin_results.xlsx,final_results_by_filter2,Garmin,Breathe,Butterworth,Deep,2.62659907341003,0.261654730474035,3.50616102218627,0.314196442703182,0.906045830249786,0.0157608515207442
Garmin_results.xlsx,final_results_by_filter2,Garmin,Breathe,Butterworth,Linear,2.6396978855133,0.195355689538694,3.47609119415283,0.291160613224149,0.907329559326171,0.0171596807636998
Garmin_results.xlsx,final_results_by_filter2,Garmin,Breathe,Butterworth,Polynomial,2.60851349830627,0.206459813311609,3.45403838157653,0.285202024294968,0.908537125587463,0.0166301881565299
Garmin_results.xlsx,final_results_by_filter2,Garmin,Breathe,Kalman,Deep,2.30307195186615,0.363044184193458,2.93078818321228,0.432268353642595,0.932880401611328,0.0227343667374633
Garmin_results.xlsx,final_results_by_filter2,Garmin,Breathe,Kalman,Linear,2.39289779663085,0.273869933291839,3.05361475944519,0.351383237595835,0.92777554988861,0.0192476872178387
Garmin_results.xlsx,final_results_by_filter2,Garmin,Breathe,Kalman,Polynomial,2.3516906261444,0.267773264645434,3.00523777008056,0.353907397243594,0.929984736442566,0.0189725470835671
Garmin_results.xlsx,final_results_by_filter2,Garmin,Breathe,Raw,Deep,5.9995491027832,0.171554559271543,7.59036035537719,0.254951256398632,0.560014021396636,0.0470200190421921
Garmin_results.xlsx,final_results_by_filter2,Garmin,Breathe,Raw,Linear,5.99703016281128,0.127483846257223,7.62487115859985,0.218070593551956,0.556426930427551,0.0409296393630367
Garmin_results.xlsx,final_results_by_filter2,Garmin,Breathe,Raw,Polynomial,6.0202877998352,0.131846166425495,7.65782957077026,0.218966530748939,0.552603673934936,0.0409879324645489
Garmin_results.xlsx,final_results_by_filter2,Garmin,Rest,Butterworth,Deep,4.04132843017578,0.270807317971177,6.23371601104736,0.380930112114045,0.841015779972076,0.0322873111471503
Garmin_results.xlsx,final_results_by_filter2,Garmin,Rest,Butterworth,Linear,4.52579956054687,0.113891764147847,8.8859914779663,1.00590462524903,0.684188604354858,0.0219939816365214
Garmin_results.xlsx,final_results_by_filter2,Garmin,Rest,Butterworth,Polynomial,4.42337484359741,0.0904183849481386,8.32257242202758,0.854498337442914,0.722504699230194,0.0190166857661681
Garmin_results.xlsx,final_results_by_filter2,Garmin,Rest,Kalman,Deep,3.53843622207641,0.144339093005743,7.38478908538818,0.828067538351401,0.778522706031799,0.0445194883883948
Garmin_results.xlsx,final_results_by_filter2,Garmin,Rest,Kalman,Linear,4.02874684333801,0.11936097010749,8.67980098724365,1.15851427282738,0.699114215373992,0.0319271119869832
Garmin_results.xlsx,final_results_by_filter2,Garmin,Rest,Kalman,Polynomial,3.82617974281311,0.0455726806370394,8.05806684494018,1.0634769450597,0.740396201610565,0.0298722501781387
Garmin_results.xlsx,final_results_by_filter2,Garmin,Rest,Raw,Deep,7.83606071472168,0.237570612378919,12.511044883728,0.992589103706733,0.371627938747406,0.0201579979421654
Garmin_results.xlsx,final_results_by_filter2,Garmin,Rest,Raw,Linear,7.73639888763427,0.241189697109822,13.0865343093872,1.03003397005485,0.312383925914764,0.0241131807847784
Garmin_results.xlsx,final_results_by_filter2,Garmin,Rest,Raw,Polynomial,7.60756454467773,0.233246592274618,12.7108419418334,1.01360961558287,0.351457107067108,0.0199951678603886
Garmin_results.xlsx,final_results_by_filter2,Garmin,Type,Butterworth,Deep,5.78908033370971,0.447116944046457,7.20606899261474,0.601029384475352,0.739754807949066,0.0506598374820162
Garmin_results.xlsx,final_results_by_filter2,Garmin,Type,Butterworth,Linear,5.74562873840332,0.560889443154659,7.19621219635009,0.673618331880181,0.740165483951568,0.0537413313940808
Garmin_results.xlsx,final_results_by_filter2,Garmin,Type,Butterworth,Polynomial,5.78156433105468,0.505707311539919,7.23156986236572,0.60608498489461,0.738002324104309,0.0499970302564813
Garmin_results.xlsx,final_results_by_filter2,Garmin,Type,Kalman,Deep,5.40495872497558,0.666109076876111,6.5697148323059,0.756153254893872,0.782566571235656,0.0534854805632599
Garmin_results.xlsx,final_results_by_filter2,Garmin,Type,Kalman,Linear,5.19652500152587,0.745685090549528,6.38803195953369,0.891855412720648,0.793089139461517,0.06136760687093
Garmin_results.xlsx,final_results_by_filter2,Garmin,Type,Kalman,Polynomial,5.17698922157287,0.741009430684432,6.38716812133789,0.901717016155065,0.793027579784393,0.0623428176417645
Garmin_results.xlsx,final_results_by_filter2,Garmin,Type,Raw,Deep,7.65590639114379,0.316194999325401,10.0306850433349,0.32033503498652,0.500008904933929,0.0341837972643532
Garmin_results.xlsx,final_results_by_filter2,Garmin,Type,Raw,Linear,8.42932662963867,0.386072170599125,10.939857673645,0.39665865391534,0.404976797103881,0.046884656791695
Garmin_results.xlsx,final_results_by_filter2,Garmin,Type,Raw,Polynomial,7.80362844467163,0.352445865032734,10.1019161224365,0.396140740410926,0.493006837368011,0.0353858915913801
Xiaomi_MiBand_results.xlsx,final_results_by_filter2,Miband,Activity,Butterworth,Deep,8.13688020706176,0.345885005075426,10.3723569869995,0.35406181243216,0.403533196449279,0.0309187994036874
Xiaomi_MiBand_results.xlsx,final_results_by_filter2,Miband,Activity,Butterworth,Linear,8.10433626174926,0.258897159354521,10.2237997055053,0.244521101965949,0.42045212984085,0.024031418466774
Xiaomi_MiBand_results.xlsx,final_results_by_filter2,Miband,Activity,Butterworth,Polynomial,8.01060819625854,0.243420577807258,10.2177967071533,0.221809101185943,0.421142768859863,0.0221826520628964
Xiaomi_MiBand_results.xlsx,final_results_by_filter2,Miband,Activity,Kalman,Deep,7.23340816497802,0.305621704116855,9.32504653930664,0.290284242960849,0.51787097454071,0.0239817416120433
Xiaomi_MiBand_results.xlsx,final_results_by_filter2,Miband,Activity,Kalman,Linear,7.27300653457641,0.276498849337822,9.34033889770507,0.27704527902852,0.516193270683288,0.0257192430540894
Xiaomi_MiBand_results.xlsx,final_results_by_filter2,Miband,Activity,Kalman,Polynomial,7.28057041168212,0.249201486844845,9.41060981750488,0.245492871859293,0.508896660804748,0.0239320651182534
Xiaomi_MiBand_results.xlsx,final_results_by_filter2,Miband,Activity,Raw,Deep,9.76367588043212,0.215353896746423,12.2577123641967,0.361944965007045,0.167237138748168,0.0307495847436203
Xiaomi_MiBand_results.xlsx,final_results_by_filter2,Miband,Activity,Raw,Linear,9.63151473999023,0.143147580426511,12.2084924697875,0.177702234350198,0.1738450050354,0.012689577876929
Xiaomi_MiBand_results.xlsx,final_results_by_filter2,Miband,Activity,Raw,Polynomial,9.62491588592529,0.147563799114183,12.330772781372,0.184989948365526,0.157201588153839,0.0144880017869112
Xiaomi_MiBand_results.xlsx,final_results_by_filter2,Miband,Breathe,Butterworth,Deep,5.2760066986083896,0.507197529091573,6.87115297317504,0.497805651552789,0.648222255706787,0.0428433270560329
Xiaomi_MiBand_results.xlsx,final_results_by_filter2,Miband,Breathe,Butterworth,Linear,5.38964195251464,0.466505258293843,6.73967933654785,0.574873230378214,0.661388456821441,0.0471165358287134
Xiaomi_MiBand_results.xlsx,final_results_by_filter2,Miband,Breathe,Butterworth,Polynomial,5.27655000686645,0.494442397979499,6.74644021987915,0.475361535318661,0.661025500297546,0.0389339889138509
Xiaomi_MiBand_results.xlsx,final_results_by_filter2,Miband,Breathe,Kalman,Deep,4.10551676750183,0.642277078616348,5.52863845825195,0.807887686465071,0.77095341682434,0.0553505075548692
Xiaomi_MiBand_results.xlsx,final_results_by_filter2,Miband,Breathe,Kalman,Linear,4.37035751342773,0.580267953918818,5.60660333633422,0.837568726229466,0.765077900886535,0.0559770975280151
Xiaomi_MiBand_results.xlsx,final_results_by_filter2,Miband,Breathe,Kalman,Polynomial,4.00853853225708,0.653225652828043,5.41084794998168,0.945334039334924,0.780199372768402,0.0638095207551613
Xiaomi_MiBand_results.xlsx,final_results_by_filter2,Miband,Breathe,Raw,Deep,7.74378719329834,0.382719284757039,9.71718311309814,0.434994283233219,0.298409366607666,0.022798660873395
Xiaomi_MiBand_results.xlsx,final_results_by_filter2,Miband,Breathe,Raw,Linear,7.69868783950805,0.3493260121564,9.73203659057617,0.405755983692859,0.296071767807006,0.0247944036266175
Xiaomi_MiBand_results.xlsx,final_results_by_filter2,Miband,Breathe,Raw,Polynomial,7.69593152999877,0.33770237132772,9.70110569000244,0.335564958246346,0.300455379486084,0.0150314078530769
Xiaomi_MiBand_results.xlsx,final_results_by_filter2,Miband,Rest,Butterworth,Deep,8.5987018585205,0.26430533572743,13.5357757568359,0.845992486325035,0.23169949054718,0.0483779830563661
Xiaomi_MiBand_results.xlsx,final_results_by_filter2,Miband,Rest,Butterworth,Linear,8.680952835083,0.142143117354169,13.4965944290161,0.677057048096955,0.235688579082489,0.0400325495987301
Xiaomi_MiBand_results.xlsx,final_results_by_filter2,Miband,Rest,Butterworth,Polynomial,8.6829984664917,0.0853964855398848,13.5042745590209,0.742934882400347,0.23498557806015,0.0434289041209936
Xiaomi_MiBand_results.xlsx,final_results_by_filter2,Miband,Rest,Kalman,Deep,7.85416831970214,0.390968821722423,12.1163732528686,0.664636269825335,0.384050369262695,0.0360334042792093
Xiaomi_MiBand_results.xlsx,final_results_by_filter2,Miband,Rest,Kalman,Linear,7.60368041992187,0.284314885066274,12.0563985824584,0.485682659991533,0.389435291290283,0.0366043869617527
Xiaomi_MiBand_results.xlsx,final_results_by_filter2,Miband,Rest,Kalman,Polynomial,7.69704456329345,0.197076400395029,12.0795749664306,0.516988003840486,0.387301123142242,0.0344783090711649
Xiaomi_MiBand_results.xlsx,final_results_by_filter2,Miband,Rest,Raw,Deep,10.2140890121459,0.315377411954636,14.5535018920898,0.535062435245111,0.111221432685852,0.019692604810639
Xiaomi_MiBand_results.xlsx,final_results_by_filter2,Miband,Rest,Raw,Linear,10.4675073623657,0.246034197682259,15.0030675888061,0.563463400436688,0.0555883884429931,0.0159716585226792
Xiaomi_MiBand_results.xlsx,final_results_by_filter2,Miband,Rest,Raw,Polynomial,10.1772743225097,0.25963020710269,14.7525045394897,0.581295115261887,0.0868782043457031,0.0218398792278145
Xiaomi_MiBand_results.xlsx,final_results_by_filter2,Miband,Type,Butterworth,Deep,7.8298939704895,0.643725638463787,9.69442234039306,0.813297947644979,0.503848791122436,0.0651931646342104
Xiaomi_MiBand_results.xlsx,final_results_by_filter2,Miband,Type,Butterworth,Linear,8.2124545097351,0.293580329661049,10.0119134902954,0.5028574470351,0.472110307216644,0.018039661296737
Xiaomi_MiBand_results.xlsx,final_results_by_filter2,Miband,Type,Butterworth,Polynomial,7.86594114303588,0.445930350671139,9.63311538696289,0.625454130678102,0.510903942584991,0.0404152090092134
Xiaomi_MiBand_results.xlsx,final_results_by_filter2,Miband,Type,Kalman,Deep,7.2431767463684,0.333470752852231,9.07418842315673,0.35870083011374,0.564750134944915,0.040113069205719
Xiaomi_MiBand_results.xlsx,final_results_by_filter2,Miband,Type,Kalman,Linear,7.72915201187133,0.271514052418054,9.57000656127929,0.323122564894082,0.516228675842285,0.0372835197708295
Xiaomi_MiBand_results.xlsx,final_results_by_filter2,Miband,Type,Kalman,Polynomial,7.43431987762451,0.358190009599765,9.29377307891845,0.304117931393325,0.543891549110412,0.0316962398652272
Xiaomi_MiBand_results.xlsx,final_results_by_filter2,Miband,Type,Raw,Deep,9.65579490661621,0.315571029056061,12.3337436676025,0.148114846505668,0.196318960189819,0.0533310464276001
Xiaomi_MiBand_results.xlsx,final_results_by_filter2,Miband,Type,Raw,Linear,10.4106731414794,0.435493435837604,12.7521869659423,0.494324737264064,0.143129169940948,0.0172308161217877
Xiaomi_MiBand_results.xlsx,final_results_by_filter2,Miband,Type,Raw,Polynomial,10.3225362777709,0.436920918389562,12.718745803833,0.4999413359336,0.147597241401672,0.0200361259183916
