Device,Filter,Model,n_activity_rows,MAE_mean_across_activities,RMSE_mean_across_activities,R2_mean_across_activities
Apple Watch,Kalman,Deep,4,2.37957478775,3.60312868375,0.920809859
Apple Watch,Kalman,Linear,4,2.48203248375,3.76473438725,0.9135524125000001
Apple Watch,Butterworth,Linear,4,2.61451556675,4.2765206395,0.88940385575
Apple Watch,Kalman,Polynomial,4,2.6975603045,4.006907046,0.9074907482500001
Apple Watch,Butterworth,Deep,4,2.7309458495000003,4.38795695325,0.8839190305
Apple Watch,Butterworth,Polynomial,4,2.8275455000000003,4.57785480625,0.8778959335
Apple Watch,Raw,Polynomial,4,4.815583086,7.22878232025,0.69884833675
Apple Watch,Raw,Linear,4,4.8821526647499995,7.292270112,0.68992198425
Apple Watch,Raw,Deep,4,4.934844351,7.351586151,0.6841181009999999
Biovotion,Kalman,Deep,4,3.4473870755,6.1187575925,0.79916824125
Biovotion,Kalman,Linear,4,3.6179650187499997,6.3211325057500005,0.7893795165
Biovotion,Kalman,Polynomial,4,3.8339639544999997,6.502041221,0.7768360345
Biovotion,Butterworth,Linear,4,4.3690134405,7.26505055475,0.73061344325
Biovotion,Butterworth,Deep,4,4.3898345945,7.21568070525,0.73342823375
Biovotion,Butterworth,Polynomial,4,4.64865354325,7.524593771499999,0.7113959405
Biovotion,Raw,Deep,4,7.86203546525,10.7569349765,0.42198288424999997
Biovotion,Raw,Linear,4,8.2263131145,11.44557161475,0.34903773974999996
Biovotion,Raw,Polynomial,4,8.44898738875,11.74799995325,0.31383354674999997
Empatica,Kalman,Polynomial,4,6.773099040985103,9.723760175704912,0.5168414086103434
Empatica,Kalman,Linear,4,6.790497946739192,9.720494580268845,0.5194632977247233
Empatica,Kalman,Deep,4,6.907276487350463,9.721948409080497,0.5194763362407677
Empatica,Butterworth,Deep,4,7.43921420574186,10.404071712493884,0.45672289431095053
Empatica,Butterworth,Polynomial,4,7.45435228347776,10.478489041328423,0.4469538748264308
Empatica,Butterworth,Linear,4,7.460694503784152,10.44067621231078,0.45208032429218226
Empatica,Raw,Deep,4,8.91774148941038,12.272428321838337,0.253917762637138
Empatica,Raw,Polynomial,4,10.001551103591853,13.152276897430378,0.14334393143653856
Empatica,Raw,Linear,4,10.088948583602864,13.3150313854217,0.12160520851612039
Fitbit,Kalman,Linear,4,4.90631020069122,6.896871531009673,0.7303253769874567
Fitbit,Kalman,Polynomial,4,4.952172982692715,6.893045461177815,0.7297717094421383
Fitbit,Kalman,Deep,4,4.964786815643305,6.843062984943385,0.7341627627611155
Fitbit,Butterworth,Deep,4,5.209967976808545,7.430160123109802,0.6841917693614955
Fitbit,Butterworth,Polynomial,4,5.251846069097516,7.429532486200307,0.6851251661777492
Fitbit,Butterworth,Linear,4,5.28854467272758,7.5008489012718105,0.6763120204210277
Fitbit,Raw,Deep,4,7.758700752258295,10.425157523155193,0.426505953073501
Fitbit,Raw,Polynomial,4,7.946142506599422,10.62337589263913,0.40476545989513346
Fitbit,Raw,Linear,4,8.208057713508587,10.795033478736858,0.3839033931493755
Garmin,Kalman,Deep,4,4.321279424428935,6.181793034076687,0.7981374293565745
Garmin,Kalman,Linear,4,4.443244946002955,6.576900088787077,0.7729214608669275
Garmin,Kalman,Polynomial,4,4.49619101285934,6.61677582263946,0.7662857621908185
Garmin,Butterworth,Deep,4,4.869520270824427,6.505817246437068,0.770753216743469
Garmin,Butterworth,Linear,4,4.927546751499173,7.1689144611358575,0.7311115175485605
Garmin,Butterworth,Polynomial,4,4.981148922443385,7.163284075260158,0.7283353626728055
Garmin,Raw,Deep,4,7.461168217658993,10.371087336540198,0.45008864104747726
Garmin,Raw,Polynomial,4,7.505142688751217,10.484099698066665,0.4382632136344905
Garmin,Raw,Linear,4,7.8372702836990324,10.864931082725512,0.3976738274097438
Miband,Kalman,Polynomial,4,6.60511834621429,9.048701453208903,0.555072176456451
Miband,Kalman,Deep,4,6.6090674996375975,9.01106166839598,0.559406223893165
Miband,Kalman,Linear,4,6.744049119949335,9.143336844444246,0.5467337846755977
Miband,Butterworth,Polynomial,4,7.459024453163142,10.02540671825406,0.4570144474506375
Miband,Butterworth,Deep,4,7.460370683670037,10.118427014350875,0.4468259334564205
Miband,Butterworth,Linear,4,7.5968463897705,10.117996740341162,0.447409868240356
Miband,Raw,Deep,4,9.344336748123142,12.215535259246785,0.19329672455787625
Miband,Raw,Polynomial,4,9.455164504051165,12.375782203674284,0.17303310334682453
Miband,Raw,Linear,4,9.552095770835844,12.423945903778018,0.16715858280658677
